Workbook

Sheet Raw Data
A1: City | B1: Resort | C1: Package Name | D1: Room Price (CHF) | E1: Meals (CHF) | F1: Activities (CHF) | G1: Events & Trips (CHF) | H1: Final Per Day Price (CHF) | I1: Availability
A2: Zermatt | B2: Emerald Valley | C2: Zermatt Signature Escape | D2: 900 | E2: 250 | F2: 300 | G2: 200 | H2: =SUM(D2:G2) -> 1650 | I2: Available
A3: Zermatt | B3: Emerald Valley | C3: Zermatt Ultra Luxury Experience | D3: 1800 | E3: 450 | F3: 500 | G3: 350 | H3: =SUM(D3:G3) -> 3100 | I3: Available
A4: Zermatt | B4: Emerald Valley | C4: Zermatt Honeymoon Retreat | D4: 1350 | E4: 400 | F4: 450 | G4: 250 | H4: =SUM(D4:G4) -> 2450 | I4: Limited
A5: Zermatt | B5: Emerald Valley | C5: Zermatt Cultural Gala Package | D5: 1600 | E5: 500 | F5: 450 | G5: 300 | H5: =SUM(D5:G5) -> 2850 | I5: Fully Booked
A6: Zermatt | B6: Emerald Valley | C6: Zermatt Heritage Rail Journey | D6: 1400 | E6: 450 | F6: 450 | G6: 300 | H6: =SUM(D6:G6) -> 2600 | I6: Available
A7: Interlaken | B7: Crystal Resort | C7: Interlaken Signature Escape | D7: 900 | E7: 250 | F7: 300 | G7: 200 | H7: =SUM(D7:G7) -> 1650 | I7: Limited
A8: Interlaken | B8: Crystal Resort | C8: Interlaken Ultra Luxury Experience | D8: 1800 | E8: 450 | F8: 500 | G8: 350 | H8: =SUM(D8:G8) -> 3100 | I8: Available
A9: Interlaken | B9: Crystal Resort | C9: Interlaken Honeymoon Retreat | D9: 1350 | E9: 400 | F9: 450 | G9: 250 | H9: =SUM(D9:G9) -> 2450 | I9: Fully Booked
A10: Interlaken | B10: Crystal Resort | C10: Interlaken Cultural Gala Package | D10: 1600 | E10: 500 | F10: 450 | G10: 300 | H10: =SUM(D10:G10) -> 2850 | I10: Available
A11: Interlaken | B11: Crystal Resort | C11: Interlaken Heritage Rail Journey | D11: 1400 | E11: 450 | F11: 450 | G11: 300 | H11: =SUM(D11:G11) -> 2600 | I11: Available
A12: St. Moritz | B12: Alpine Crest | C12: St. Moritz Signature Escape | D12: 900 | E12: 250 | F12: 300 | G12: 200 | H12: =SUM(D12:G12) -> 1650 | I12: Available
A13: St. Moritz | B13: Alpine Crest | C13: St. Moritz Ultra Luxury Experience | D13: 1800 | E13: 450 | F13: 500 | G13: 350 | H13: =SUM(D13:G13) -> 3100 | I13: Fully Booked
... A26: Grindelwald | B26: Mountain Pearl | C26: Grindelwald Heritage Rail Journey | D26: 1400 | E26: 450 | F26: 450 | G26: 300 | H26: =SUM(D26:G26) -> 2600 | I26: Available

Sheet Calculations
A1: Total Packages | B1: =COUNTA('[1]Raw Data!Calculations'!C2:C26) -> 25
A2: Average Per Day Price | B2: =AVERAGE('Raw Data'!H2:H26) -> 2530
A3: Total Revenue Potential | B3: =SUM('Raw Data'!H2:H26) -> 63250
A4: Packages Over CHF 2500 | B4: =COUNTIF('Raw Data'!H2:H26,">2500") -> 15
A5: Packages Under CHF 2500 | B5: =COUNTIF('Raw Data'!H2:H26,"<2500") -> 10

Sheet Summary Dashboard
A1: Package | B1: Price
A2: ='Raw Data'!C2 -> Zermatt Signature Escape | B2: ='Raw Data'!H2 -> 1650
A3: ='Raw Data'!C3 -> Zermatt Ultra Luxury Experience | B3: ='Raw Data'!H3 -> 3100
A4: ='Raw Data'!C4 -> Zermatt Honeymoon Retreat | B4: ='Raw Data'!H4 -> 2450
A5: ='Raw Data'!C5 -> Zermatt Cultural Gala Package | B5: ='Raw Data'!H5 -> 2850
A6: ='Raw Data'!C6 -> Zermatt Heritage Rail Journey | B6: ='Raw Data'!H6 -> 2600
A7: ='Raw Data'!C7 -> Interlaken Signature Escape | B7: ='Raw Data'!H7 -> 1650
A8: ='Raw Data'!C8 -> Interlaken Ultra Luxury Experience | B8: ='Raw Data'!H8 -> 3100
A9: ='Raw Data'!C9 -> Interlaken Honeymoon Retreat | B9: ='Raw Data'!H9 -> 2450
A10: ='Raw Data'!C10 -> Interlaken Cultural Gala Package | B10: ='Raw Data'!H10 -> 2850
A11: ='Raw Data'!C11 -> Interlaken Heritage Rail Journey | B11: ='Raw Data'!H11 -> 2600
A12: ='Raw Data'!C12 -> St. Moritz Signature Escape | B12: ='Raw Data'!H12 -> 1650
A13: ='Raw Data'!C13 -> St. Moritz Ultra Luxury Experience | B13: ='Raw Data'!H13 -> 3100
... A26: ='Raw Data'!C26 -> Grindelwald Heritage Rail Journey | B26: ='Raw Data'!H26 -> 2600

Sheet Our Bookings
A1: Booking ID | B1: Customer Name | C1: City | D1: Resort | E1: Package Name | F1: Check-in Date | G1: Check-out Date | H1: Nights | I1: Guests | J1: Total Amount (CHF) | K1: Booking Status
A2: BK-1001 | B2: Iman khan | C2: St. Moritz | D2: Alpine Crest | E2: St. Moritz Signature Escape | F2: 45687 | G2: 45693 | H2: 6 | I2: 4 | J2: =SUM(D12:G12)=SUM(D12:G12) -> TRUE | K2: Completed
A3: BK-1002 | B3: Lina Buaman | C3: Grindelwald | D3: Mountain Pearl | E3: Grindelwald Honeymoon Retreat | F3: 45666 | G3: 45671 | H3: 5 | I3: 4 | J3: =SUM(D24:G24)=SUM(D24:G24) -> TRUE | K3: Confirmed
A4: BK-1003 | B4: Emma Rossey | C4: Lucerne | D4: Silver Crest | E4: Lucerne Heritage Rail Journey | F4: 45696 | G4: 45699 | H4: 3 | I4: 1 | J4: =SUM(D21:G21)=SUM(D21:G21) -> TRUE | K4: Confirmed
A5: BK-1004 | B5: Saad Ali | C5: Grindelwald | D5: Mountain Pearl | E5: Grindelwald Signature Escape | F5: 45711 | G5: 45715 | H5: 4 | I5: 4 | J5: =SUM(D22:G22)=SUM(D22:G22) -> TRUE | K5: Completed
A6: BK-1005 | B6: Tom Hopper | C6: Lucerne | D6: Silver Crest | E6: Lucerne Cultural Gala Package | F6: 45680 | G6: 45686 | H6: 6 | I6: 2 | J6: =SUM(D20:G20)=SUM(D20:G20) -> TRUE | K6: Completed
A7: BK-1006 | B7: Noah Keller | C7: Grindelwald | D7: Mountain Pearl | E7: Grindelwald Honeymoon Retreat | F7: 45665 | G7: 45669 | H7: 4 | I7: 4 | J7: =SUM(D24:G24)=SUM(D24:G24) -> TRUE | K7: Completed
A8: BK-1007 | B8: Haider Baloch | C8: Grindelwald | D8: Mountain Pearl | E8: Grindelwald Ultra Luxury Experience | F8: 45690 | G8: 45692 | H8: 2 | I8: 4 | J8: =SUM(D23:G23)=SUM(D23:G23) -> TRUE | K8: Confirmed
A9: BK-1008 | B9: Sophie Karen | C9: Grindelwald | D9: Mountain Pearl | E9: Grindelwald Ultra Luxury Experience | F9: 45671 | G9: 45673 | H9: 2 | I9: 1 | J9: =SUM(D23:G23)=SUM(D23:G23) -> TRUE | K9: Confirmed
A10: BK-1009 | B10: Joseph Kerry | C10: Grindelwald | D10: Mountain Pearl | E10: Grindelwald Signature Escape | F10: 45709 | G10: 45711 | H10: 2 | I10: 1 | J10: =SUM(D22:G22)=SUM(D22:G22) -> TRUE | K10: Completed
A11: BK-1010 | B11: Juliet | C11: Lucerne | D11: Silver Crest | E11: Lucerne Signature Escape | F11: 45696 | G11: 45698 | H11: 2 | I11: 3 | J11: =SUM(D17:G17)=SUM(D17:G17) -> TRUE | K11: Confirmed
A12: BK-1011 | B12: Steve Harrington | C12: Zermatt | D12: Emerald Valley | E12: Zermatt Ultra Luxury Experience | F12: 45688 | G12: 45691 | H12: 3 | I12: 2 | J12: =SUM(D3:G3)=SUM(D3:G3) -> TRUE | K12: Confirmed
A13: BK-1012 | B13: William Byers | C13: Interlaken | D13: Crystal Resort | E13: Interlaken Ultra Luxury Experience | F13: 45686 | G13: 45692 | H13: 6 | I13: 3 | J13: =SUM(D8:G8)=SUM(D8:G8) -> TRUE | K13: Confirmed
A14: BK-1013 | B14: Lucas Sinclair | C14: Grindelwald | D14: Mountain Pearl | E14: Grindelwald Honeymoon Retreat | F14: 45669 | G14: 45674 | H14: 5 | I14: 1 | J14: =SUM(D24:G24)=SUM(D24:G24) -> TRUE | K14: Confirmed
A15: BK-1014 | B15: Alexi | C15: Zermatt | D15: Emerald Valley | E15: Zermatt Heritage Rail Journey | F15: 45708 | G15: 45713 | H15: 5 | I15: 3 | J15: =SUM(D6:G6)=SUM(D6:G6) -> TRUE | K15: Completed
A16: BK-1015 | B16: Hannan Ahmed | C16: Grindelwald | D16: Mountain Pearl | E16: Grindelwald Ultra Luxury Experience | F16: 45691 | G16: 45697 | H16: 6 | I16: 1 | J16: =SUM(D23:G23)=SUM(D23:G23) -> TRUE | K16: Completed
